RACE,DISTANCE,SURFACE,Angles,PROGRAM,PP,Solley4,Top2,HORSE_NAME,AXCIS_ODDS,,,POWER,HI_SPD_SD,Avg Sd,SPEED_L3,CL,PACER,PACER_ALL,DAYS,WODAYSAGO,LAST_WORK,L2Y_S123,R1,R2,LT_MUD,JOCKNAME,TRAINNAME,JOCKNAME,TRAINNAME,JOCKNAME,TRAINNAME,LT_MUD,JOCKNAME,TRAINNAME,LT_MUD,JOCKNAME,TRAINNAME,JOCKNAME,TRAINNAME,LT_MUD,JOCKNAME,TRAINNAME,TRAINNAME,TRAINNAME,TRAINNAME,LT_MUD,JOCKNAME,TRAINNAME
1,4.5,D,Rl1lJtAcRl, 7,88,0,13,ANOTHER FINE JUBA,10/1,,,0, NA, NA NA,,,,,, 20  28, 4D(FT)CT : 50.0Bg,0-0-0-0,,,  0- 0- 0- 0,"LARROSA, GUSTA","PETTY, KRISTY"
1,4.5,D,Rl1lJtAcRl, 9,88,0,12,RAN OUT OF TRAINER, 5/2,,,0, NA, NA NA,,,,,,  5  18  26, 4D(FT)CT : 47.6Bg,0-0-0-0,,,  0- 0- 0- 0,"BOCACHICA, ARN","FARRIOR, ANTHO"
1,4.5,D,Rl1lJtAcRl, 8,88,0,12,FULL OF CHARM, 3/1,,,0, NA, NA NA,,,,,,  4  18  25, 3D(FT)CT : 36.0B,0-0-0-0,,,  0- 0- 0- 0,"MONTANO, JOSE","GRAMS, TIMOTHY"
1,4.5,D,Rl1lJtAcRl, 6,88,0,12,REMY'S HOTSHOT, 7/2,,,0, NA, NA NA,,,,,,  4  18  36, 3D(FT)CT : 36.2B,0-0-0-0,,,  0- 0- 0- 0,"LOPEZ, CARLOS","GRAMS, TIMOTHY"
1,4.5,D,Rl1lJtAcRl, 3,88,0,13,SOMESUGARNSPICE,15/1,,,0, NA, NA NA,,,,,, 20  28, 4D(FT)CT : 50.4Bg,0-0-0-0,,,  0- 0- 0- 0,"LOPEZ, ANTONIO","PETTY, KRISTY"
1,4.5,D,Rl1lAcRl, 1,82,0,11,MISS INTENSITY,12/1,,,0, NA, NA NA,,,,,,  6  21  32, 4D(FT)CT : 50.2Bg,0-0-0-0,,,  0- 0- 0- 0,"BOCACHICA, ABN","PICKETT, CRYST"
1,4.5,D,Rl1lAcRl, 4,82,0,11,HERE'S A QUARTER,20/1,,,0, NA, NA NA,,,,,, 25  39, 4D(FT)CT : 49.6Bg,0-0-0-0,,,  0- 0- 0- 0,"RIVERA, JAVIER","OBEDLETTS, KET"
1,4.5,D,Rl1lAcRl, 5,82,0,11,DIRECT THE CAT, 6/1,,,0, NA, NA NA,,,,,, 29  36  47, 4D(FT)CT : 48.2Bg,0-0-0-0,,,  0- 0- 0- 0,"LATCHMAN, RESH","MCKEE, CYNTHIA"
1,4.5,D,Rl1lAcRl, 2,82,0,11,SHEWONTTALKTOME, 8/1,,,0, NA, NA NA,,,,,, 20  28, 4D(FT)CT : 51.4Bg,0-0-0-0,,,  0- 0- 0- 0,"MENDEZ, MARSHA","SIGLER, RONALD"
2,4.5,D,yRl1lAcRlFb, 3,99,320,7,DON'T EATTHE APPLE, 7/2,,,48.1, 63, 49 49, 46  43  49,, 3.6  1.7  4.7  6, 3.1  1.9  4.3  9, 41, 13  78  86, 5D(FT)FL :102.1B,9-1-1-3, 41 4.5D 61/ 46: 3-1.8, 58  5 D 70/ 43: 5-6.8,  6- 0- 0- 0,"HIRALDO, CHRIS","ACQUILANO, JAM"
2,4.5,D,yRl1lAcRl, 5,91,330,7,THUNDER PUNCH, 6/5,,,46.5, 67, 56 56, 55  48  35,, 5.2       4.4 10, 5.2       4.4 10, 19, 63 228 265, 3D(FT)CT : 37.2B,15-6-2-1, 19 4.5D 67/ 55: 5-9.3, 53 4.5D 79/ 48: 8-7.5,  8- 2- 1- 1,"MENDEZ, MARSHA","ADORNO, JEAN"
2,4.5,D,yRlBh1lAcRlXmFb, 2,83,450,7,MAKE IT A DOUBLE, 4/1,,,47.9, 64, 57 54, 47  46  54,, 7.0       4.6  7, 5.1  3.1  4.7 10, 41, 74  88 109, 4D(FT)CT : 48.8B,12-0-2-5, 41 4.5D 61/ 47: 2-1.5, 62 4.5D 66/ 46: 3-5.3,  7- 1- 2- 4,"MCKENZIE, CONN","KING, YOLONDA"
2,4.5,D,yRlC41lAcRlXmFb, 1,40,110,7,AT THE HALF,10/1,,,41.7, 72, 45 47, 36  38  59,, 7.8  5.0  5.2 10, 8.1  6.0  5.5 10, 20,575 846 950, 3D(FT)CT : 38.6B,20-1-6-4, 20 4.5D 57/ 36: 4-9.0, 62 4.5D 66/ 38: 7-8.1, 15- 4- 6- 3,"HO, WESLEY","DAVIS, RUSSELL"
2,4.5,D,yRl1lJtM2AcRlFb, 7,32,100,3,HAD THE NOTION, 9/2,,,45.6, 56, 49 56, 57  32  47,, 8.6       4.3  1, 7.9  7.0  5.6 10, 20,186 199 318, 3D(FT)PIM: 38.2B,16-2-2-2, 20 6.5D 50/ 57: 1- nk, 54 5.5D 64/ 32: 6- 12,  3- 1- 0- 0,"SIMPSON, JASON","HARTING, CHRIS"
2,4.5,D,yRl1lAcRlXm, 6,31,0,2,LADY LICIOUS,15/1,,,32.3, 62, 41 44, 30  34  50,, 6.4       5.1 10, 7.1  3.8  6.1 10, 20,131 718 740, 3D(FT)CT : 38.4B,20-2-5-2, 20 4.5D 57/ 30: 7- 11, 41 4.5D 61/ 34: 7-5.8,  7- 0- 3- 0,"ESQUILIN, JUAN","ADORNO, JEAN"
2,4.5,D,yRlBh1lAcRlFb, 4,25,40,3,MARY'S LISTED NEXT,15/1,,,39.6, 51, 44 44, 43  48  32,, 6.3       6.3  4, 6.3       6.3  4, 62,  4  89  95, 3D(FT)CT : 39.8B,4-0-0-0, 62 4.5D 66/ 43: 4-6.5,146 4.5D 65/ 48: 4-6.8,  7- 1- 1- 1,"RIVERA, JAVIER","OBEDLETTS, KET"
3,7,D,yRlWu1lJtAcRlXm, 8,107,750,12,JAYJAYDEE, 9/5,1,,82.5, 86, 83 86, 87  84  94,, 2.8  2.9  2.9  1, 2.6  2.7  2.9 10, 46,  5  14  32, 3D(FT)PEN: 35.6B,18-8-5-1, 46 8.5D 91/ 87: 1-6.0, 61 8.5D 91/ 84: 2-4.3,  7- 5- 1- 0,"BOCACHICA, ARN","KREISER, TIMOT"
3,7,D,Rl1lAcRlXm, 1,70,160,8,BUTTONED UP, 5/1,8,,84.1, 90, 72 82, 63  72  90,, 1.1  1.5  3.0  3, 2.9  3.5  4.5 10, 97, 35  60  74, 4D(FT)CT : 47.8B,13-3-3-0, 97 4.5D 86/ 63: 7-5.0,133 6.5D 87/ 72: 6-9.4,  4- 1- 1- 0,"HIRALDO, CHRIS","CASH, NORMAN"
3,7,D,yRlGlBh1lAcRlFb, 7,66,340,5,RIDICULOUS, 9/2,3,,76.8, 85, 77 78, 84  83  85,, 5.2  4.4  2.7  8, 5.9  5.6  4.1 10, 11, 16 182 198, 3D(FT)CT : 36.2B,20-5-3-3, 11  7 D 88/ 84: 2-0.8, 74  7 D 91/ 83: 1-1.8,  6- 1- 1- 2,"PELTROCHE, FRE","ARIAS, ALFONSO"
3,7,D,yRl1lJtM2AcRlFb, 4,51,250,2,ANTIPOISON, 4/1,4,,82.4, 85, 71 75, 83   0   -,, 6.1  5.6  4.4 10, 5.3  5.1  5.0 10, 11, 18  52  59, 5D(FT)LRL:102.0B,29-6-4-3, 11  7 D 85/ 83: 1-3.3, 37 8.5D 89/  0: 7- 70,  8- 1- 1- 1,"LOPEZ, CARLOS",SANCHEZSALOMON
3,7,D,yRlWo1lAcRlXmFb, 2,47,240,3,IMPROBABLE STORY,10/1L,7,,73.9, 85, 73 71,  2  76  78,, 5.9  7.1  6.4  3, 3.7  3.7  5.2 10, 40,  4  11  88, 5D(GD)CDT:104.2B,20-3-4-2, 40  9 D 97/  2: 6- 64, 62  6 D 97/ 76: 6-7.5,  7- 2- 4- 0,"CONCEPCION, AX","KING, BARRY"
3,7,D,yRlGlC41lJtAcRlFb, 6,33,80,2,HAGLER, 6/1,15,,82.2, 70, 66 67, 83  86  89,, 4.5  5.0  6.5  4, 6.0  6.8  5.5 10, 11, 41  82 115, 4D(FT)TTC: 48.2B,17-1-2-0, 11 5.5D 93/ 83: 4-2.8, 21  6 D 96/ 86: 2-2.0,  5- 0- 0- 0,"ORTIZ, YOMAR","CASH, NORMAN"
3,7,D,yRlC41lM2AcRlFb, 5,4,180,2,DR. RUSTY RAYMOND,12/1,,,71.1, NA, 69 NA, 78  63  77,,, 7.7  6.8  5.7 10, 32, 41 213 298, 4D(FT)LRL: 49.4B,10-1-1-0, 32  6 D 77/ 78: 1-6.3, 96 5.5D 87/ 63: 5-3.4,  8- 0- 1- 2,"CRUZ, ANGEL","PICKETT, CRYST"
4,4.5,D,Rl1lAcRlXm, 5,133.5,280,11,GOLD FIBER, 5/2,,,54, 64, 61 61, 57  64,, 4.5       1.8  2, 4.5       1.8  2,200,  8  25  40, 4D(FT)CT : 50.0B,2-0-2-0,200 4.5D 69/ 57: 2-1.3,221 4.5D 61/ 64: 2-2.8,  1- 0- 1- 0,"LATCHMAN, RESH","MCKEE, CYNTHIA"
4,4.5,D,Rl1lAcRl, 7,100,370,7,CUPID'S SONG, 3/1,,,51, 53, 53 53, 53,, 1.8       1.8  1, 1.8       1.8  1,180,  8  19  28, 3D(FT)CT : 39.4B,1-0-1-0,180 4.5D 63/ 53: 2-1.3,,  0- 0- 0- 0,"CECIL, KIM","MCKEE, CYNTHIA"
4,4.5,D,yRlO11lAcRlXm, 3,84,270,3,UNCLE PRESS,12/1,,,39.6, 39, 42 39, 45  45  39,, 7.0       3.0  1, 4.0  2.1  3.1  4, 19, 28  96 105, 3D(FT)CT : 40.0B,4-0-2-1, 19 6.5D 53/ 45: 2-4.8, 48 6.5D 54/ 45: 5-7.0,  1- 0- 1- 0,"MARRERO, CARLO","VIANDS, STACEY"
4,4.5,D,RlBh1lAcRl, 9,70,390,7,ALDARIGHTTRICKS, 5/1,,,54.5, 54, 54 54, 54,, 4.0       4.0  1, 4.0       4.0  1, 74, 39  46  88, 3D(FT)CT : 37.0B,1-0-0-0, 74 4.5D 56/ 54: 4-6.5,,  1- 0- 0- 0,"LARROSA, GUSTA","LEWISJR, WILLI"
4,4.5,D,yRlC41lAcRl, 2,68,110,5,HARLEY SIOUX, 9/2,,,49.4, 64, 51 51, 41  64  57,, 4.9       3.6  8, 4.9       3.6  8, 25, 83 116 228, 3D(FT)CT : 37.8B,8-0-3-3, 25 4.5D 61/ 41: 2-6.8, 46 4.5D 64/ 64: 2-1.5,  3- 0- 1- 2,"PELTROCHE, FRE","STRAUGHN, WILL"
4,4.5,D,yRl1lJtAcRlFb, 8,42,0,2,GAMBLING FEVER, 8/1,,,40.9, 38, 38 38, 38,, 5.6       4.4  1, 5.6       4.4  1, 25, 41  50  60, 4D(FT)CT : 48.2Bg,1-0-0-0, 25 4.5D 61/ 38: 4-7.8,,  0- 0- 0- 0,"CONCEPCION, AX","BROWN, RONNEY"
4,4.5,D,yRlBh1lAcRl, 1,28,60,2,SCARE DEM,15/1,,,36.1, 46, 42 42, 41  41  35,, 7.4       5.1  6, 7.3  5.1  5.3 10, 25, 32  60  84, 3D(FT)CT : 36.3B,10-0-0-1, 25 4.5D 61/ 41: 3-6.8, 48 6.5D 54/ 41: 8-9.3,  3- 0- 0- 0,"LOPEZ, ANTONIO","PYKE, JOSEPH"
4,4.5,D,yRl1lAcRlFb, 6,22,0,3,IT'S ONLY MONEY,20/1,,,34.3, 37, 34 31, 37  41  20,, 7.3       7.2  4, 6.5  4.4  6.6  7, 25, 56  78  95, 4D(MY)CT : 50.8Bg,7-0-0-1, 25 4.5D 61/ 37: 5-7.9,158  7 D 56/ 41: 4- 16,  3- 0- 0- 1,"BOCACHICA, ORL","PICKETT, CRYST"
4,4.5,D,Rl1lJtAcRl, 4,6,0,2,DOCTOR PARDO,10/1,,,0, NA, NA NA,,,,,,  7  29  39, 4D(FT)CT : 50.6Bg,0-0-0-0,,,  0- 0- 0- 0,"LOPEZ, CARLOS","BROWN, RONNEY"
5,4.5,D,yRl1lJtAcRl, 6,120.5,310,11,DREAMY SONDE, 7/2,,,64.5, 71, 65 65, 68  71  55,, 3.6       1.5  3, 3.6       1.5  3, 48,  4  22 131, 3D(FT)CT : 37.4B,3-2-1-0, 48 4.5D 69/ 68: 1- nk, 95 4.5D 62/ 71: 2-3.5,  0- 0- 0- 0,"BOCACHICA, ARN","RUNCO, JEFF"
5,4.5,D,yRlO1Bh1lAcRl, 7,96,480,10,STRYDA, 3/5,,,75, 83, 62 70, 83  68  81,, 1.5       3.0  6, 1.7  6.3  3.8  7, 32,207 215 222, 4D(FT)CT : 51.6B,7-2-2-1, 32 4.5D 86/ 83: 2-1.8, 67 4.5D 81/ 68: 6-3.1,  3- 0- 1- 1,"HIRALDO, CHRIS","JOHNSON, JAMEY"
5,4.5,D,yRlC41lAcRlXm, 3,82,90,3,BLUE MOUNTAIN,15/1,,,44.9, 62, 49 49, 53  52  42,, 2.3       3.0  7, 2.3       3.0  7, 18, 92 125 230, 3D(FT)CT : 36.8B,7-2-3-0, 18 4.5D 49/ 53: 1-1.5, 48 4.5D 48/ 52: 2-0.5,  1- 0- 1- 0,"MENDEZ, MARSHA","ADORNO, JEAN"
5,4.5,D,yRl1lAcRlXm, 8,58,190,4,CHEROKEE CASTLE,12/1,,,58, 70, 63 59, 60  58  62,, 4.4       3.5 10, 4.4  4.1  3.4 10, 47,134 187 196, 3D(FT)CT : 36.6B,13-1-4-5, 47 4.5D 65/ 60: 2-1.5, 75 4.5D 66/ 58: 2-1.0,  4- 0- 2- 2,"CECIL, KIM","LOCKLEAR, JAME"
5,4.5,D,yRlO11lAcRl, 4,55,270,3,CASTLE TOY,15/1,,,53.8, 59, 49 49, 53  58  56,, 2.1       4.1 10, 2.0  2.5  4.4 10, 33, 44 140 162, 3D(FT)CT : 37.8B,11-2-1-2, 33 4.5D 75/ 53: 5-5.0, 75 4.5D 66/ 58: 3-1.1,  4- 0- 1- 0,"RIVERA, JAVIER","OBEDLETTS, KET"
5,4.5,D,yRlC41lJtAcRl, 1,45,130,2,KEEP ON SPURRIN, 5/1,,,59.3, 67, 55 64, 67  47  60,, 4.6       2.3  3, 3.7  2.9  4.1 10, 32, 46 134 148, 3D(FT)CT : 37.2B,11-2-0-5, 32 4.5D 67/ 67: 1-1.0, 67  7 D 63/ 47: 7- 17,  3- 0- 0- 2,"LOPEZ, ANTONIO","PETTY, KRISTY"
5,4.5,D,yRl1lAcRlFb, 5,27,0,2,CHARITABLE ANY,30/1,,,37.5, 60, 41 43, 39  48  30,, 3.1  2.7  6.2  9, 3.0  2.4  6.4 10, 22, 48  63  96, 4D(FT)CT : 48.8Bg,10-1-0-1, 22  5 D 61/ 39: 5-9.6, 38 4.5D 56/ 48: 6-3.8,  6- 1- 1- 0,"NUNEZ, JUAN","PEARSON, MICHA"
5,4.5,D,RlC41lAcRl, 2,14,0,3,DIXIE YODELER,20/1,,,53.2, 66, 54 57, 37  46  57,, 6.3  3.8  4.1 10, 4.9  3.9  5.0 10, 61, 30 188 243, 3D(FT)CT : 38.6B,17-2-4-2, 61 6.5D 60/ 37: 8- 14, 75  7 D 68/ 46: 5- 13,  3- 0- 1- 1,"HO, WESLEY","DAVIS, RUSSELL"
6,6.5,D,yRlBh1lJtAcRl, 9,114,330,11,MOON FALL, 7/5,,,52.1, 49, 47 47, 49  44,, 5.3  6.2  4.7  2, 5.3  6.2  4.7  2, 34, 15  54  63, 3D(MY)CT : 36.4B,2-0-0-1, 34  7 D 66/ 49: 3-8.5, 48 6.5D 54/ 44: 6-8.0,  0- 0- 0- 0,"BOCACHICA, ARN","RUNCO, JEFF"
6,6.5,D,yRl1lJtAcRl, 6,91,440,5,MAKIN' GOLD,15/1L,3,,38.3, 45, 36 45, 45  21  40,, 6.7  8.9  5.6  1, 4.4  8.9  6.0  5, 19,  5  40  61, 3D(FT)CT : 36.0B,5-0-0-0, 19 6.5D 75/ 45: 5- 12, 32 4.5D 63/ 21: 9- 13,  3- 0- 0- 0,"LARROSA, GUSTA","CAMPBELL, MARS"
6,6.5,D,RlC41lAcRl, 1,82,350,7,IRISH FLIGHT,10/1,,,37.3, 51, 37 37, 20  29  46,, 5.8  6.1  5.6  4, 5.8  6.1  5.6  4,158,  2  18  32, 4D(FT)CT : 49.0B,4-0-1-0,158  7 D 56/ 20: 6- 27,182 6.5D 54/ 29: 6- 19,  1- 0- 0- 0,"LOPEZ, ANTONIO","ESPINOSA, VICT"
6,6.5,D,yRl1lJtAcRlFb, 3,77,190,3,RAISE A RUCKUS, 6/1,,,31.3, NA, 25 NA, 11  39,,, 2.7       7.2  2, 25,  4  39  46, 3D(FT)CT : 37.8B,2-0-0-0, 25 4.5D 61/ 11: 8- 17,221 4.5D 52/ 39: 6-5.3,  0- 0- 0- 0,"MONTANO, JOSE","GRAMS, TIMOTHY"
6,6.5,D,yRlGl1lJtAcRl, 8,55,20,3,CHICKERLING,12/1,,,38.3, NA, 36 NA, 36,,, 7.6       7.3  1, 32, 64 145, 3D(GD)HTF: 37.4B,1-0-0-0, 32 4.5D 63/ 36: 8-8.0,,  0- 0- 0- 0,"RIOSCONDE, ALE","ROFE, JEAN"
6,6.5,D,yRl1lAcRl, 4,51,300,4,SUMMONING DENIS,12/1,,,34.4, 42, 38 42, 38  42  30,, 5.7  7.1  7.1  1, 6.6  7.1  7.5  5, 32, 49  55 291, 4D(FT)CT : 52.4B,5-0-0-0, 32 4.5D 63/ 38: 7-7.3,221 4.5D 61/ 42: 8- 10,  0- 0- 0- 0,"BOCACHICA, ABN","PETTY, KRISTY"
6,6.5,D,yRl1lAcRl,10,30,30,2,DISCREET LOVE,15/1,,,27, 12, 12 12, 12,, 8.9  8.8  7.5  1, 8.9  8.8  7.5  1, 26, 34  41  48, 4D(FT)CT : 50.6B,1-0-0-0, 26  7 D 54/ 12: 6- 22,,  0- 0- 0- 0,"HIRALDO, CHRIS","GREAVES, VERNO"
6,6.5,D,yRl1lAcRl, 5,27,180,2,LAST OF BAD BOYS,20/1,,,26.6, 17, 24 17, 17  34  22,, 6.7  7.8  8.9  1, 7.7  7.8  8.2  3, 55,  5  22  33, 4D(FT)CT : 49.0B,3-0-0-0, 55 6.5D 64/ 17: 8- 21, 74 4.5D 56/ 34: 7- 13,  1- 0- 0- 0,"NUNEZ, JUAN","HAMLIN, KATHLE"
6,6.5,D,yRl1lAcRl, 2,10,0,2,DON'T GET CAUGHTUP,15/1,,,0, 33, 24 25, 32  10  32,, 6.7  7.3  8.0  6, 6.9  7.3  8.0  7, 26, 47  75 133, 4D(FT)CT : 50.6B,7-0-0-0, 26  7 D 54/ 32: 5- 12, 88  7 D 59/ 10: 8- 25,  2- 0- 0- 0,"ACOSTA, J","BOYKINS, KEVIN"
6,6.5,D,Rl1lJtAcRl, 7,6,0,2,JOOBY DOOBY DOO, 3/1,,,0, NA, NA NA,,,,,, 22  32  41, 3D(FT)CT : 36.0B,0-0-0-0,,,  0- 0- 0- 0,"CONCEPCION, AX","BROWN, RONNEY"
7,6.5,D,yRl1lJtAcRl, 5,82,60,4,KELSEY'S ANGEL, 8/1,,,45.9, 58, 40 58, 58  42  17,, 3.3  3.3  1.1  1, 4.8  5.2  4.0  6, 26,117 124 143, 4D(FT)CT : 50.0B,6-1-2-0, 26 6.5D 61/ 58: 1-0.5, 41 4.5D 57/ 42: 2-3.8,  2- 0- 0- 0,"BOCACHICA, ARN","FARRIOR, ANTHO"
7,6.5,D,yRl1lJtAcRlXm, 6,82,150,5,BEST VIRGINIA, 9/2,,,61.2, 65, 46 48, 65  49  56,, 3.4  3.1  3.7  8, 3.9  3.1  4.1  9, 61,  4  20 109, 4D(FT)CT : 49.0B,9-3-1-1, 61 6.5D 60/ 65: 1-1.8, 83  7 D 60/ 49: 2-2.8,  3- 2- 0- 0,"HO, WESLEY","CONTRERAS, JAV"
7,6.5,D,yRlO11lJtAcRl, 8,78,460,5,RIVER REWARDS RVF, 6/1,,,63, 72, 57 56, 59  60  69,, 2.5  2.2  4.7 10, 3.1  2.3  4.6 10, 34, 74 145 153, 3D(FT)CT : 36.6B,12-2-2-1, 34 6.5D 73/ 59: 5- 11, 46 6.5D 69/ 60: 5-4.3,  3- 0- 0- 0,"CONCEPCION, AX","BROWN, RONNEY"
7,6.5,D,yRlBh1lAcRl, 2,68,160,7,LADRO DI FICHI, 7/2,,,65.4, 77, 62 63, 63  48  64,, 4.8  4.3  3.8 10, 4.9  4.3  4.2 10, 25, 59  96 115, 4D(FT)LRL: 49.6B,15-1-6-4, 25  7 D 75/ 63: 4-5.8, 37  6 D 69/ 48: 4-9.6,  3- 0- 1- 0,"ACOSTA, J","FARRIOR, ANTHO"
7,6.5,D,yRlO1C41lAcRlFb, 7,59,320,3,WINDSOR'S PLAY, 8/1,,,57.5, 68, 57 58, 43  65  51,, 1.7  2.0  5.7  4, 2.7  2.7  5.2 10, 16,118 182 405, 4D(FT)CT : 48.3B,21-2-4-0, 16  5 D 68/ 43: 5- 14, 47 4.5D 65/ 65: 1-1.5,  5- 0- 1- 0,"RAMGEET, ANDRE","RIDEOUTTII, AN"
7,6.5,D,yRl1lJtAcRlFb, 3,57,110,3,CEDAR'S WISH,12/1,,,55.3, 72, 59 62, 50  46  60,, 2.0  2.4  5.0 10, 5.7  1.0  4.3 10, 39, 76 118 523, 3D(FT)CT : 37.4B,22-4-2-4, 39 4.5D 69/ 50: 7-8.8, 67 4.5D 67/ 46: 1- hd,  6- 2- 0- 2,"MONTANO, JOSE","GRAMS, TIMOTHY"
7,6.5,D,yRlGl1lAcRlXmFb,11,43,240,2,MY SISTER PAM, 8/1,,,49.4, 63, 48 48, 62  51  46,, 6.4  5.6  4.5 10, 6.4  5.6  4.5 10, 19, 43 109 144, 4D(FT)CT : 49.8B,16-3-1-2, 19  7 D 60/ 62: 1-1.0, 61 6.5D 60/ 51: 4-6.8,  4- 1- 1- 0,"NUNEZ, JUAN","CONTRERAS, JAV"
7,6.5,D,yRlC41lJtAcRlXmFb,10,30,-30,2,MISS LAUREN, 6/1,,,59, 67, 56 56, 60   -  64,, 6.2  6.1  5.3 10, 6.2  6.1  5.3 10, 34, 60  96 135, 3D(FT)CT : 35.6B,12-3-0-1, 34 6.5D 73/ 60: 4- 11, 41  7 D 72/  -: 9-100,  2- 2- 0- 0,"LOPEZ, CARLOS","GRAMS, TIMOTHY"
7,6.5,D,yRl1lAcRl, 1,28,360,8,BAYS CASTLE,15/1,,,63.7, 76, 62 65, 53  57  69,, 8.0  6.7  4.7 10, 7.7  6.5  5.2 10, 25, 60 189 462, 4D(FT)PEN: 48.8B,23-3-4-2, 25  7 D 75/ 53: 5- 11, 46 6.5D 74/ 57: 8- 11,  6- 1- 0- 1,"BOCACHICA, ORL","GRACI, KIMBERL"
7,6.5,D,yRl1lAcRl, 4,28,110,2,MONOCACY,12/1L,,,53.4, 71, 59 60, 54  51  62,, 5.8  5.6  4.3 10, 6.5  6.2  5.1 10, 39, 18  53  60, 5D(FT)CDT:104.0B,15-1-1-3, 39  6 D 79/ 54: 6-8.5,181 6.5E 77/ 51: 8-9.6,  1- 0- 0- 0,"MENDEZ, MARSHA","KING, BARRY"
8,7,D,yRl1lJtAcRlXm, 4,108,480,8,ROAD PARTY, 2/1,,,80.8, 84, 77 78, 84  79  77,, 1.7  1.5  2.0  7, 2.0  1.5  2.2  8, 41, 64 284 473, 4D(GD)HTF: 49.2B,8-3-3-1, 41  7 D 75/ 84: 1-6.8,209  7 D 79/ 79: 2-6.8,  3- 0- 2- 0,"MENDEZ, MARSHA","GRIGSBY, ANTHO"
8,7,D,yRlBh1lM2AcRlFb, 7,71,240,5,CHANGE YOUR LUCK, 6/1,,,75, 89, 65 69, 79  60  68,, 1.5  1.5  4.2  7, 1.9  1.9  5.3 10, 19, 29  39  53, 4D(FT)CT : 47.8B,11-3-0-1, 19 6.5D 74/ 79: 1-1.3,201 4.5D 78/ 60: 8-9.9,  6- 1- 0- 0,"MONTANO, JOSE","PICKETT, CRYST"
8,7,D,yRlWoO11lAcRlXm, 6,70,600,8,PENGUIN PARADE, 9/2,,,83.9, 89, 79 79, 87  75  82,, 5.0  4.9  4.6 10, 5.0  4.9  4.6 10, 39,  4  15  46, 3D(FT)CT : 37.4B,16-2-6-1, 39 6.5D 86/ 87: 4-1.4, 74  7 D 89/ 75: 4-6.5, 10- 1- 4- 0,"CONCEPCION, AX","RUNCO, JEFF"
8,7,D,Rl1lAcRl, 2,58,40,5,PAYMENGOLD, 5/1,,,57.4, 75, 59 75, 61  75  79,, 4.5  3.6  2.7  1, 4.8  6.4  3.5  5,256, 14  69  74, 4D(FT)CT : 48.0Bg,5-2-0-1,256  6 D 82/ 61: 8- 13,270 6.5D 76/ 75: 3-1.5,  0- 0- 0- 0,"LATCHMAN, RESH","JOHNSON, DEWAY"
8,7,D,yRlO11lAcRl, 3,57,300,7,SPANGLISH, 5/2,,,86.6, 91, 79 79, 89  80  86,, 5.0  4.9  5.5 10, 5.0  4.9  5.5 10, 39, 83 176 211, 4D(FT)CT : 54.4B,12-2-3-1, 39 6.5D 86/ 89: 2- hd, 74  7 D 89/ 80: 2-3.8, 10- 2- 2- 3,"WHITACRE, GRAN","MEEHAN, ELIZAB"
8,7,D,yRlO1C41lAcRl, 1,55,170,2,BOSS E BOOGS,10/1,,,73.7, 83, 66 68, 83  77  57,, 4.8  5.5  6.7  4, 4.5  5.5  6.7  6, 39,207 228 242, 4D(FT)CT : 51.6Bg,6-0-0-1, 39 6.5D 86/ 83: 5-3.1, 53 6.5D 84/ 77: 3-0.8,  2- 0- 0- 1,"BUTTERFLY, BRY","STEHR, JOSEPH"
8,7,D,yRl1lAcRl, 5,16,70,2,REMYS SHOWTIME,15/1,,,70.4, 83, 70 76, 56  78  62,, 3.5  3.8  5.7 10, 5.1  4.2  5.8 10, 20,  4 158 473, 4D(FT)CT : 52.2B,21-0-3-7, 20 4.5D 80/ 56: 6-7.4, 39 6.5D 86/ 78: 6-5.6,  6- 1- 0- 2,"BOCACHICA, ORL","JONESJR, MICHA"
9,6.5,D,yRlC41lJtAcRlXm, 6,98,290,5,DRUNK TEXT, 7/2,,,46.4, 55, 47 55, 55  33  50,, 1.3  1.3  1.3  1, 2.7  1.3  3.5  4, 19, 28  83  91, 4D(FT)CT : 48.4Bg,4-1-1-0, 19 6.5D 53/ 55: 1-4.8, 40 4.5D 50/ 33: 5-4.3,  2- 1- 0- 0,"BOCACHICA, ARN","FARRIOR, ANTHO"
9,6.5,D,RlC41lJtAcRlXm, 8,91,220,7,MISTER DEEKS,15/1,,,37.9, 48, 40 40, 35  46  36,, 2.5  2.6  4.0  6, 2.5  2.6  4.0  6,159,  5  64 190, 4D(FT)HTF: 51.0B,6-1-0-3,159 6.5D 61/ 35: 7- 10,181  7 D 44/ 46: 1- nk,  2- 0- 1- 1,"RIOSCONDE, ALE","ROFE, JEAN"
9,6.5,D,yRl1lJtM2AcRl,10,79,160,4,OCEAN STORM, 6/1,,,52.1, 55, 43 55, 55  31,, 2.0  1.0  1.0  1, 4.7  1.0  4.5  2, 33, 40  74  89, 4D(FT)CT : 48.2B,2-1-0-0, 33  7 D 42/ 55: 1-2.8, 60 4.5D 46/ 31: 8-7.1,  0- 0- 0- 0,"MENDEZ, MARSHA","MCKEE, CYNTHIA"
9,6.5,D,yRlBh1lAcRl, 2,67,30,2,DEVIL'S CANYON,10/1,,,50, 57, 42 44, 50  24  43,, 4.2  4.4  5.3  6, 4.0  4.1  5.4  7, 20, 32  37  46, 5D(FT)CT :105.0B,7-1-0-0, 20  7 D 64/ 50: 4-4.8, 76  7 D 58/ 24: 6- 22,  4- 1- 0- 0,"BUTTERFLY, BRY",MALGARINIMAWIN
9,6.5,D,yRl1lJtAcRl, 3,65,200,5,SWISS LEGACY, 3/1,,,47.8, 70, 49 45, 55  47  70,, 3.2  4.8  6.0  4, 3.9  4.8  6.1  5, 60,  8 106 113, 3D(FT)CT : 37.2B,5-0-1-1, 60  7 D 58/ 55: 3-6.3, 90 6.5D 71/ 47: 8- 14,  1- 0- 0- 0,"HO, WESLEY","CONTRERAS, JAV"
9,6.5,D,Rl1lAcRlFb, 4,61,210,4,HARPERSGONEFISHING, 8/1,,,50.2, 64, 50 50, 51  34  56,, 4.0  4.4  5.1  6, 4.0  4.4  5.1  6, 60, 18  32  88, 3D(FT)CT : 39.0B,6-1-0-2, 60  7 D 58/ 51: 5-8.6, 83 6.5D 72/ 34: 7- 24,  1- 0- 0- 1,"CONCEPCION, AX","CARLISLE, JOHN"
9,6.5,D,yRlGlC41lJtAcRl, 9,56,210,2,ALLEGHENY HERO, 8/1,,,42.5, 11, 32  6, 46  49  52,, 3.9  4.8  7.6  2, 4.7  4.8  4.8  9, 40,  4 165 179, 3D(FT)CT : 39.6B,9-1-1-1, 40 4.5D 50/ 46: 1-2.3, 60 4.5D 46/ 49: 3-1.0,  4- 0- 0- 0,"LOPEZ, CARLOS","GRAMS, TIMOTHY"
9,6.5,D,yRl1lAcRlFb, 5,41,350,8,FELICIAS CASTLE, 9/2L,,,57.6, 72, 56 56, 57  64  50,, 8.1  6.8  5.0 10, 8.1  6.8  5.0 10,  5,341 474 523, 4D(FT)CT : 51.4B,23-1-7-6,  5  7 D 71/ 57: 9-6.9, 32  7 D 77/ 64: 8-6.8,  4- 0- 1- 0,"NUNEZ, JUAN","SMITH, OSBORNE"
9,6.5,D,yRl1lAcRlFb, 7,30,0,2,BOBBYS CASE LOAD,15/1,,,36, 39, 34 29, 13  36  54,, 3.4  3.4  6.3  4, 4.8  3.4  5.5 10, 34, 75 189 237, 3D(FT)CT : 36.8B,10-1-0-1, 34 4.5D 53/ 13: 5- 12, 53 4.5D 68/ 36: 8- 10,  7- 1- 0- 1,"MONTANO, JOSE","PICKETT, CRYST"
9,6.5,D,yRl1lAcRlFb, 1,18,30,2,ROCKING TO HOME,15/1,,,42.7, 40, 43 39, 33  46  37,, 5.0  6.1  7.2  2, 5.1  6.1  6.3 10, 34, 56 131 267, 3D(MY)CT : 37.4B,19-1-3-2, 34 4.5D 53/ 33: 2-5.0, 46 4.5D 61/ 46: 2-3.3,  6- 0- 1- 1,"RIVERA, JAVIER","OBEDLETTS, KET"












































































,,,,,,,,,,,,,,,,,,,,,,,,,,,,,,,,,,,,,,"HERNANDEZ, AND","MOORE, MICHAEL"
,,,,,,,,,,,,,,,,,,,,,,,,,,,,,,,,,,,,,,"ROWLAND, MADEL","HENDRIKS, MCLA"
,,,,,,,,,,,,,,,,,,,,,,,,,,,,,,,,,,,,,,"KARAMANOS, HOR","AGUIRREJR, ANT"
,,,,,,,,,,,,,,,,,,,,,,,,,,,,,,,,,,,,,,"CARRASCO, VICT","TROMBETTA, MIC"
,,,,,,,,,,,,,,,,,,,,,,,,,,,,,,,,,,,,,,"TREJOS, JOSEPH","RODRIGUEZ, JOS"
,,,,,,,,,,,,,,,,,,,,,,,,,,,,,,,,,,,,,,"TOLEDO, JEVIAN","ELAMRI, HASSAN"
,,,,,,,,,,,,,,,,,,,,,,,,,,,,,,,,,,,,,,"TOLEDO, JEVIAN","FARRIOR, ANTHO"
,,,,,,,,,,,,,,,,,,,,,,,,,,,,,,,,,,,,,,"VELAZQUEZ, JOH","WARD, WESLEY"